110842,156433,f,1,657,456,2013-12-08 00:07:43
110843,156433,f,1,2771,456,2013-12-08 00:19:28
110844,14329,g,1,1353,2719,2013-12-08 00:25:01
110845,156440,f,1,1353,1470,2013-12-08 00:26:30
110846,14329,g,1,1914,2719,2013-12-08 00:30:12
110848,156429,f,-1,779,13,2013-12-08 00:36:04
110849,156436,f,1,2511,965,2013-12-08 00:36:06
110851,156444,f,1,2544,1206,2013-12-08 01:05:07
110852,156443,f,1,846,779,2013-12-08 01:11:48
110854,156443,f,1,57,779,2013-12-08 01:18:06
110855,156433,f,1,2685,456,2013-12-08 01:26:38
110856,14329,g,1,2504,2719,2013-12-08 01:30:35
110857,156445,f,1,484,57,2013-12-08 01:35:56
110858,156433,f,1,484,456,2013-12-08 01:36:18
110859,156435,f,-1,484,657,2013-12-08 01:36:25
110860,156433,f,1,11,456,2013-12-08 01:45:57
110861,156445,f,1,2582,57,2013-12-08 01:48:06
110862,156444,f,1,2582,1206,2013-12-08 01:48:18
110863,156443,f,1,2582,779,2013-12-08 01:48:34
110865,156433,f,1,1914,456,2013-12-08 01:53:11
110866,156448,f,1,2573,11,2013-12-08 01:54:52
110867,156429,f,-1,1036,13,2013-12-08 02:27:04
110868,156445,f,1,1036,57,2013-12-08 02:29:15
110869,14329,g,-1,2679,2719,2013-12-08 02:30:16
110870,156448,f,1,2582,11,2013-12-08 02:56:00
110871,156448,f,1,2504,11,2013-12-08 03:08:41
110872,156445,f,1,2504,57,2013-12-08 03:08:56
110873,156436,f,1,2504,965,2013-12-08 03:09:46
110874,156431,f,-1,2504,2511,2013-12-08 03:10:01
110875,156445,f,1,49,57,2013-12-08 03:11:59
110876,156433,f,-1,2504,456,2013-12-08 03:13:36
110877,156435,f,1,2504,657,2013-12-08 03:13:40
110878,14287,g,1,2504,2771,2013-12-08 03:15:35
110879,14283,g,1,2504,2771,2013-12-08 03:15:41
110880,14285,g,1,2504,2771,2013-12-08 03:15:48
110881,27686,c,1,2504,1,2013-12-08 03:27:11
110882,27688,c,1,2504,1,2013-12-08 03:27:39
110883,14329,g,1,884,2719,2013-12-08 03:29:25
110884,14327,g,1,2505,1,2013-12-08 03:59:00
110885,28268,c,1,2505,425,2013-12-08 03:59:29
110886,28270,c,1,2505,1,2013-12-08 03:59:46
110887,155975,f,1,2504,682,2013-12-08 04:33:11
110888,156436,f,1,290,965,2013-12-08 07:24:43
110889,156440,f,1,290,1470,2013-12-08 07:24:51
110890,156444,f,-1,389,1206,2013-12-08 09:02:15
110892,28275,c,1,2719,2137,2013-12-08 09:12:18
110893,28277,c,1,2719,2693,2013-12-08 09:12:20
110894,156438,f,-1,655,1501,2013-12-08 09:20:01
110895,156448,f,-1,655,11,2013-12-08 09:22:03
110896,156445,f,1,779,57,2013-12-08 09:43:29
110897,156448,f,1,779,11,2013-12-08 09:45:20
110898,156444,f,1,779,1206,2013-12-08 09:48:51
110899,156442,f,1,290,13,2013-12-08 09:54:24
110900,156440,f,-1,674,1470,2013-12-08 09:56:16
110901,156442,f,-1,674,13,2013-12-08 09:56:17
110902,156429,f,-1,674,13,2013-12-08 09:56:48
110903,14329,g,1,2361,2719,2013-12-08 10:07:42
110904,28280,c,1,2719,2361,2013-12-08 10:18:36
110905,156445,f,1,2497,57,2013-12-08 10:24:45
110906,156454,f,-1,2361,1794,2013-12-08 10:33:17
110907,156352,f,-1,2361,2475,2013-12-08 10:33:31
110908,14331,g,1,779,884,2013-12-08 10:34:28
110909,156348,f,1,2361,2679,2013-12-08 10:34:29
110911,156454,f,1,2720,1794,2013-12-08 10:49:48
110912,156291,f,1,2720,290,2013-12-08 10:51:01
110913,156448,f,1,2720,11,2013-12-08 10:52:08
110914,156452,f,1,2720,2361,2013-12-08 10:52:37
110915,156458,f,1,184,682,2013-12-08 10:57:08
110916,156454,f,1,682,1794,2013-12-08 11:03:28
110920,156458,f,1,674,682,2013-12-08 11:18:19
110921,156447,f,1,456,484,2013-12-08 11:19:15
110922,156453,f,1,456,674,2013-12-08 11:19:25
110923,28281,c,1,2719,13,2013-12-08 11:32:40
110924,28282,c,1,2719,2361,2013-12-08 11:32:41
110925,156433,f,-1,1083,456,2013-12-08 11:38:56
110926,156449,f,1,1083,657,2013-12-08 11:39:03
110927,156459,f,1,682,674,2013-12-08 11:39:40
110930,156453,f,1,2438,674,2013-12-08 11:47:43
110931,156445,f,1,2438,57,2013-12-08 11:50:58
110932,153627,f,1,2438,456,2013-12-08 11:51:27
110933,156182,f,1,333,290,2013-12-08 12:09:31
110934,156428,f,-1,389,366,2013-12-08 12:14:59
110935,156461,f,-1,389,682,2013-12-08 12:15:07
110936,14329,g,1,2426,2719,2013-12-08 12:16:08
110937,156453,f,1,2751,674,2013-12-08 12:16:16
110938,28282,c,1,2426,2361,2013-12-08 12:16:38
110939,156456,f,1,425,13,2013-12-08 12:34:48
110940,156461,f,1,425,682,2013-12-08 12:37:27
110942,156453,f,1,2573,674,2013-12-08 12:46:35
110943,156456,f,1,1560,13,2013-12-08 12:53:23
110944,28280,c,1,2488,2361,2013-12-08 12:55:14
110945,156433,f,-1,674,456,2013-12-08 12:57:31
110946,156462,f,-1,674,456,2013-12-08 12:57:42
110947,156443,f,1,414,779,2013-12-08 12:57:59
110948,156467,f,1,425,389,2013-12-08 12:58:41
110949,154037,f,-1,57,1206,2013-12-08 13:09:07
110950,154045,f,1,57,484,2013-12-08 13:09:38
110951,156472,f,1,2361,1311,2013-12-08 13:10:11
110952,156456,f,-1,655,13,2013-12-08 13:16:21
110953,156462,f,-1,655,456,2013-12-08 13:18:13
110954,156473,f,-1,425,389,2013-12-08 13:26:11
110955,156475,f,-1,2646,456,2013-12-08 13:30:38
110956,156454,f,-1,2646,1794,2013-12-08 13:31:18
110957,153627,f,-1,2646,456,2013-12-08 13:31:43
110958,156452,f,1,2646,2361,2013-12-08 13:32:01
110959,28283,c,1,2719,997,2013-12-08 13:39:05
110960,156473,f,1,1002,389,2013-12-08 13:47:55
110961,156435,f,1,884,657,2013-12-08 13:51:49
110962,156453,f,1,1358,674,2013-12-08 13:53:24
110963,156459,f,1,1358,674,2013-12-08 13:54:05
110964,156473,f,1,657,389,2013-12-08 13:54:35
110965,156476,f,1,2573,1002,2013-12-08 13:54:44
110967,156461,f,1,1358,682,2013-12-08 13:54:46
110968,156433,f,-1,1358,456,2013-12-08 13:55:00
110969,156476,f,1,1889,1002,2013-12-08 13:55:06
110970,156468,f,1,1358,674,2013-12-08 13:56:22
110971,156475,f,-1,1358,456,2013-12-08 13:57:20
110972,156341,f,1,884,2681,2013-12-08 13:58:32
110973,156467,f,1,366,389,2013-12-08 14:01:03
110974,156479,f,1,366,965,2013-12-08 14:01:18
110975,156446,f,1,2720,2573,2013-12-08 14:03:19
110976,156472,f,1,290,1311,2013-12-08 14:05:55
110977,156433,f,1,7,456,2013-12-08 14:09:55
110981,156457,f,-1,484,13,2013-12-08 14:13:48
110982,156460,f,1,484,456,2013-12-08 14:13:59
110983,156461,f,-1,484,682,2013-12-08 14:14:12
110984,156462,f,1,484,456,2013-12-08 14:14:19
110985,156475,f,1,484,456,2013-12-08 14:14:44
110986,156477,f,1,674,290,2013-12-08 14:15:24
110987,14329,g,-1,1487,2719,2013-12-08 14:15:35
110988,156456,f,-1,484,13,2013-12-08 14:16:03
110990,5876,g,1,290,884,2013-12-08 14:16:13
110989,156473,f,1,484,389,2013-12-08 14:16:13
110991,156476,f,1,484,1002,2013-12-08 14:16:21
110992,156467,f,1,674,389,2013-12-08 14:16:43
110993,156481,f,1,484,1487,2013-12-08 14:16:52
110995,156477,f,1,389,290,2013-12-08 14:19:40
110996,156454,f,-1,290,1794,2013-12-08 14:20:56
110997,156475,f,-1,2679,456,2013-12-08 14:23:59
110998,156478,f,1,2679,657,2013-12-08 14:24:06
110999,156364,f,1,290,2370,2013-12-08 14:24:36
111000,156352,f,1,290,2475,2013-12-08 14:24:48
111001,156433,f,1,389,456,2013-12-08 14:25:45
111002,156435,f,-1,389,657,2013-12-08 14:25:50
111004,156478,f,-1,389,657,2013-12-08 14:27:59
111005,156480,f,1,2679,13,2013-12-08 14:29:20
111006,156482,f,1,1470,1311,2013-12-08 14:29:39
111007,156485,f,1,99,2679,2013-12-08 14:30:00
111008,156478,f,1,674,657,2013-12-08 14:31:02
111009,156482,f,1,779,1311,2013-12-08 14:31:03
111010,156462,f,-1,2679,456,2013-12-08 14:36:24
111011,156476,f,1,2544,1002,2013-12-08 14:37:54
111012,156482,f,1,965,1311,2013-12-08 14:38:23
111013,153620,f,1,290,2544,2013-12-08 14:40:03
111014,156456,f,1,2471,13,2013-12-08 14:40:27
111015,151381,f,-1,290,1487,2013-12-08 14:41:12
111016,156482,f,1,2544,1311,2013-12-08 14:42:00
111017,156481,f,1,2544,1487,2013-12-08 14:42:05
111018,156488,f,1,484,1002,2013-12-08 14:42:10
111019,156445,f,1,2544,57,2013-12-08 14:45:36
111020,156477,f,1,2544,290,2013-12-08 14:46:15
111021,156477,f,1,2471,290,2013-12-08 14:48:00
111022,151759,f,1,2544,414,2013-12-08 14:51:05
111023,151796,f,1,2544,1311,2013-12-08 14:51:06
111025,153627,f,1,2544,456,2013-12-08 14:51:27
111026,147686,f,1,290,1753,2013-12-08 14:54:27
111027,156491,f,1,389,38,2013-12-08 14:56:04
111028,156492,f,1,2544,1002,2013-12-08 15:00:59
111029,156491,f,1,2544,38,2013-12-08 15:01:00
111030,156476,f,1,290,1002,2013-12-08 15:12:04
111031,156482,f,1,290,1311,2013-12-08 15:12:43
111032,156486,f,1,290,13,2013-12-08 15:13:03
111033,156494,f,-1,657,1470,2013-12-08 15:14:05
111034,156494,f,-1,389,1470,2013-12-08 15:16:49
111035,156487,f,1,290,1470,2013-12-08 15:18:43
111036,156492,f,1,290,1002,2013-12-08 15:19:20
111037,156491,f,1,484,38,2013-12-08 15:28:44
111038,156494,f,-1,484,1470,2013-12-08 15:29:02
111040,156485,f,1,674,2679,2013-12-08 15:30:15
111041,156497,f,1,484,1002,2013-12-08 15:31:01
111042,156500,f,1,484,779,2013-12-08 15:31:08
111043,156494,f,-1,674,1470,2013-12-08 15:31:11
111044,156489,f,-1,674,13,2013-12-08 15:32:00
111045,156489,f,-1,484,13,2013-12-08 15:32:33
111046,156489,f,-1,57,13,2013-12-08 15:32:45
111047,156477,f,1,484,290,2013-12-08 15:32:49
111048,156477,f,1,2438,290,2013-12-08 15:58:25
111049,156501,f,1,389,674,2013-12-08 15:58:29
111050,156489,f,-1,389,13,2013-12-08 15:58:31
111051,156502,f,1,389,57,2013-12-08 15:58:50
111052,156504,f,-1,389,13,2013-12-08 15:58:58
111053,156497,f,1,389,1002,2013-12-08 16:01:13
111054,156495,f,-1,389,13,2013-12-08 16:01:16
111055,156500,f,1,389,779,2013-12-08 16:02:02
111056,156509,f,1,2679,674,2013-12-08 16:05:56
111057,156507,f,-1,2679,13,2013-12-08 16:06:05
111059,156438,f,1,290,1501,2013-12-08 16:11:59
111060,156515,f,1,2681,1470,2013-12-08 16:13:45
111061,156507,f,-1,518,13,2013-12-08 16:13:59
111062,156509,f,1,779,674,2013-12-08 16:18:03
111063,156517,f,1,779,57,2013-12-08 16:18:18
111064,156507,f,-1,779,13,2013-12-08 16:18:28
111065,156507,f,-1,290,13,2013-12-08 16:18:35
111066,156509,f,1,290,674,2013-12-08 16:18:42
111067,156514,f,1,290,2401,2013-12-08 16:19:12
111068,156517,f,1,7,57,2013-12-08 16:19:17
111069,156515,f,1,779,1470,2013-12-08 16:19:21
111070,156509,f,1,1914,674,2013-12-08 16:19:23
111071,156515,f,1,290,1470,2013-12-08 16:19:25
111072,156517,f,1,290,57,2013-12-08 16:19:37
111073,156514,f,1,1914,2401,2013-12-08 16:19:52
111074,156517,f,1,484,57,2013-12-08 16:20:36
111075,156509,f,1,484,674,2013-12-08 16:21:01
111076,156507,f,-1,484,13,2013-12-08 16:21:09
111077,156516,f,1,38,7,2013-12-08 16:22:10
111078,156514,f,1,779,2401,2013-12-08 16:23:19
111079,156516,f,1,484,7,2013-12-08 16:23:22
111080,155541,f,-1,2401,484,2013-12-08 16:23:26
111081,156514,f,-1,2679,2401,2013-12-08 16:26:46
111082,156516,f,1,779,7,2013-12-08 16:28:58
111083,156511,f,1,779,2681,2013-12-08 16:29:08
111085,128082,f,1,2720,2132,2013-12-08 16:36:30
111086,156517,f,1,674,57,2013-12-08 16:41:08
111087,156516,f,1,674,7,2013-12-08 16:41:09
111088,156441,f,1,2720,1794,2013-12-08 16:41:49
111089,156522,f,1,99,1914,2013-12-08 16:44:07
111090,156507,f,-1,99,13,2013-12-08 16:44:26
111091,156362,f,1,2720,2573,2013-12-08 16:45:40
111092,156482,f,1,1487,1311,2013-12-08 16:49:11
111093,156509,f,1,1002,674,2013-12-08 16:49:22
111094,156476,f,1,1353,1002,2013-12-08 16:49:23
111095,156516,f,1,1002,7,2013-12-08 16:49:37
111096,156517,f,1,1002,57,2013-12-08 16:49:46
111097,156522,f,1,1002,1914,2013-12-08 16:50:02
111098,156500,f,1,1002,779,2013-12-08 16:52:39
111099,156519,f,-1,2426,99,2013-12-08 16:59:07
111100,156500,f,1,99,779,2013-12-08 16:59:47
111101,156531,f,-1,674,13,2013-12-08 17:02:56
111102,156461,f,1,1353,682,2013-12-08 17:03:08
111103,156507,f,-1,674,13,2013-12-08 17:03:16
111104,156433,f,1,1353,456,2013-12-08 17:03:22
111105,156532,f,1,1002,184,2013-12-08 17:03:47
111106,156533,f,1,1914,518,2013-12-08 17:09:50
111107,156509,f,1,2507,674,2013-12-08 17:10:07
111109,156516,f,1,1353,7,2013-12-08 17:12:47
111110,156518,f,1,1353,779,2013-12-08 17:13:10
111111,156531,f,-1,57,13,2013-12-08 17:15:05
111112,156507,f,-1,1206,13,2013-12-08 17:16:00
111113,156477,f,1,99,290,2013-12-08 17:21:47
111114,156531,f,-1,484,13,2013-12-08 17:24:09
111115,156532,f,1,484,184,2013-12-08 17:24:12
111116,156533,f,1,484,518,2013-12-08 17:24:15
111117,156534,f,1,1206,57,2013-12-08 17:25:43
111118,156536,f,1,1206,2507,2013-12-08 17:28:11
111119,156537,f,1,1206,657,2013-12-08 17:28:19
111120,156509,f,1,2751,674,2013-12-08 17:28:36
111121,156534,f,1,2504,57,2013-12-08 17:31:00
111122,156507,f,-1,2504,13,2013-12-08 17:32:17
111123,156537,f,1,1002,657,2013-12-08 17:33:57
111124,156519,f,1,2137,99,2013-12-08 17:38:57
111125,156522,f,1,2137,1914,2013-12-08 17:39:22
111126,156515,f,1,1993,1470,2013-12-08 17:48:26
111127,5876,g,1,2361,884,2013-12-08 17:52:36
111128,156538,f,1,99,1002,2013-12-08 17:53:43
111129,156536,f,1,484,2507,2013-12-08 17:55:59
111130,12003,g,1,2361,779,2013-12-08 17:57:53
111131,156518,f,1,7,779,2013-12-08 17:59:09
111132,156516,f,1,2544,7,2013-12-08 18:00:09
111136,156511,f,1,2544,2681,2013-12-08 18:02:27
111137,156518,f,1,2544,779,2013-12-08 18:02:37
111140,156536,f,1,1993,2507,2013-12-08 18:05:00
111142,156536,f,1,2544,2507,2013-12-08 18:07:04
111143,156540,f,1,2544,2137,2013-12-08 18:08:24
111144,156525,f,1,1206,2720,2013-12-08 18:10:12
111145,156522,f,1,471,1914,2013-12-08 18:12:52
111146,156525,f,1,2771,2720,2013-12-08 18:18:02
111147,156509,f,1,2488,674,2013-12-08 18:18:52
111148,156511,f,1,2488,2681,2013-12-08 18:18:59
111149,155798,f,1,1206,2711,2013-12-08 18:19:23
111150,156514,f,1,2488,2401,2013-12-08 18:19:28
111151,156515,f,1,2488,1470,2013-12-08 18:19:40
111152,156516,f,1,2488,7,2013-12-08 18:19:51
111153,156517,f,1,2488,57,2013-12-08 18:19:56
111154,156522,f,1,2488,1914,2013-12-08 18:20:27
111155,156534,f,1,2488,57,2013-12-08 18:21:00
111156,156536,f,1,2488,2507,2013-12-08 18:21:14
111157,156537,f,1,2488,657,2013-12-08 18:21:30
111158,156538,f,1,2488,1002,2013-12-08 18:21:46
111159,156542,f,1,1560,290,2013-12-08 18:24:53
111160,156537,f,1,290,657,2013-12-08 18:25:31
111161,156497,f,1,2544,1002,2013-12-08 18:29:17
111162,156542,f,1,2544,290,2013-12-08 18:30:21
111163,156543,f,1,1989,1501,2013-12-08 18:36:15
111164,156423,f,1,290,7,2013-12-08 18:36:32
111165,156523,f,1,290,2049,2013-12-08 18:38:52
111166,156526,f,1,290,1470,2013-12-08 18:38:53
111167,156498,f,1,290,1560,2013-12-08 18:39:08
111168,156543,f,1,2751,1501,2013-12-08 18:43:03
111169,28281,c,1,2771,13,2013-12-08 18:45:20
111170,156451,f,1,2693,720,2013-12-08 18:45:47
111171,156507,f,-1,2773,13,2013-12-08 18:49:20
111172,156509,f,1,2773,674,2013-12-08 18:49:39
111173,156534,f,1,484,57,2013-12-08 18:53:28
111174,156536,f,1,2497,2507,2013-12-08 18:55:12
111175,156545,f,1,7,99,2013-12-08 18:55:14
111176,14331,g,1,2773,884,2013-12-08 18:55:47
111177,5876,g,1,2773,884,2013-12-08 18:55:52
111178,156544,f,1,1002,13,2013-12-08 18:57:48
111179,156522,f,1,965,1914,2013-12-08 18:59:52
111180,156547,f,1,2507,2681,2013-12-08 19:01:08
111181,156509,f,1,2582,674,2013-12-08 19:01:56
111182,156536,f,1,965,2507,2013-12-08 19:03:23
111183,156547,f,1,2049,2681,2013-12-08 19:06:37
111184,156518,f,1,2471,779,2013-12-08 19:09:31
111185,156542,f,1,49,290,2013-12-08 19:09:43
111186,156532,f,-1,2471,184,2013-12-08 19:11:37
111187,156536,f,1,2471,2507,2013-12-08 19:12:07
111188,156535,f,1,2471,13,2013-12-08 19:12:12
111189,156538,f,1,2471,1002,2013-12-08 19:12:36
111190,156537,f,1,38,657,2013-12-08 19:12:51
111191,156516,f,1,2361,7,2013-12-08 19:13:14
111192,156544,f,1,2471,13,2013-12-08 19:14:48
111193,151759,f,1,2772,414,2013-12-08 19:15:02
111194,156549,f,1,2361,965,2013-12-08 19:20:24
111195,14329,g,-1,1344,2719,2013-12-08 19:21:16
111196,14331,g,1,1344,884,2013-12-08 19:21:30
111197,14327,g,1,1344,1,2013-12-08 19:21:33
111198,156547,f,1,290,2681,2013-12-08 19:23:46
111199,156549,f,1,290,965,2013-12-08 19:24:01
111200,156551,f,1,484,49,2013-12-08 19:26:26
111201,156550,f,1,2471,13,2013-12-08 19:29:00
111202,28283,c,1,2471,997,2013-12-08 19:30:45
111203,28277,c,1,290,2693,2013-12-08 19:33:48
111204,156551,f,1,1560,49,2013-12-08 19:37:53
111205,156525,f,1,2772,2720,2013-12-08 19:39:34
111206,156553,f,1,2720,2772,2013-12-08 19:46:51
111207,156264,f,1,2720,2544,2013-12-08 19:49:37
111209,156555,f,1,2720,2077,2013-12-08 19:58:17
111210,14329,g,1,1560,2719,2013-12-08 20:03:47
111211,156370,f,1,2720,290,2013-12-08 20:07:30
111212,156557,f,1,1002,657,2013-12-08 20:08:15
111213,156557,f,1,965,657,2013-12-08 20:12:37
111214,156555,f,1,1470,2077,2013-12-08 20:13:56
111216,156562,f,1,2137,13,2013-12-08 20:25:59
111217,156536,f,1,1002,2507,2013-12-08 20:32:55
111218,156562,f,1,1560,13,2013-12-08 20:36:09
111219,156558,f,1,7,1002,2013-12-08 20:40:46
111220,156556,f,1,2693,2720,2013-12-08 20:42:08
111221,156561,f,1,1206,290,2013-12-08 20:50:32
111222,156477,f,-1,655,290,2013-12-08 20:54:24
111223,156562,f,1,2471,13,2013-12-08 20:54:35
111224,156564,f,1,2471,290,2013-12-08 20:55:12
111225,156507,f,-1,655,13,2013-12-08 20:55:22
111227,156558,f,1,1,1002,2013-12-08 20:55:37
111228,156291,f,1,1560,290,2013-12-08 20:59:34
111229,156556,f,1,2566,2720,2013-12-08 21:00:58
111230,156255,f,1,1560,884,2013-12-08 21:01:28
111231,156489,f,-1,655,13,2013-12-08 21:02:30
111232,156568,f,1,2507,1794,2013-12-08 21:03:13
111233,156504,f,-1,655,13,2013-12-08 21:03:54
111234,156311,f,1,1560,884,2013-12-08 21:04:26
111235,156454,f,-1,1560,1794,2013-12-08 21:05:00
111236,156543,f,1,2488,1501,2013-12-08 21:05:10
111237,156555,f,1,1560,2077,2013-12-08 21:05:11
111238,156545,f,1,2488,99,2013-12-08 21:05:20
111239,156547,f,1,2488,2681,2013-12-08 21:05:28
111240,156557,f,1,2488,657,2013-12-08 21:05:53
111241,156558,f,1,2488,1002,2013-12-08 21:05:55
111242,156559,f,1,2488,484,2013-12-08 21:06:08
111243,156564,f,1,2544,290,2013-12-08 21:06:57
111244,156562,f,1,2488,13,2013-12-08 21:06:58
111245,156525,f,1,2471,2720,2013-12-08 21:07:17
111246,156547,f,1,2679,2681,2013-12-08 21:10:41
111247,156566,f,-1,2679,2659,2013-12-08 21:11:20
111248,156542,f,1,333,290,2013-12-08 21:14:05
111250,156556,f,1,2679,2720,2013-12-08 21:15:15
111249,156555,f,-1,2679,2077,2013-12-08 21:15:15
111251,156445,f,-1,333,57,2013-12-08 21:18:10
111252,156553,f,1,2471,2772,2013-12-08 21:19:26
111253,156507,f,-1,1889,13,2013-12-08 21:19:45
111254,156561,f,1,2544,290,2013-12-08 21:20:00
111255,156556,f,1,2544,2720,2013-12-08 21:20:51
111256,156569,f,1,2471,13,2013-12-08 21:21:14
111257,156551,f,1,2544,49,2013-12-08 21:21:48
111258,156567,f,1,2681,2685,2013-12-08 21:21:59
111259,156562,f,1,2544,13,2013-12-08 21:23:13
111260,156553,f,-1,2679,2772,2013-12-08 21:23:20
111261,156568,f,-1,2679,1794,2013-12-08 21:23:23
111262,156525,f,-1,2679,2720,2013-12-08 21:23:26
111263,156496,f,1,2679,16,2013-12-08 21:23:28
111264,156465,f,-1,2679,1501,2013-12-08 21:23:35
111265,156446,f,1,2679,2573,2013-12-08 21:23:37
111266,156441,f,1,2679,1794,2013-12-08 21:31:36
111267,156439,f,1,2679,1140,2013-12-08 21:31:48
111268,156572,f,-1,2679,1889,2013-12-08 21:33:53
111269,156575,f,1,2471,2679,2013-12-08 21:34:19
111270,11808,g,1,2471,16,2013-12-08 21:36:46
111271,156572,f,-1,1560,1889,2013-12-08 21:38:09
111272,156575,f,1,1560,2679,2013-12-08 21:38:25
111273,156575,f,1,2582,2679,2013-12-08 21:45:50
111274,156509,f,1,689,674,2013-12-08 21:48:02
111275,156567,f,1,290,2685,2013-12-08 21:48:56
111276,156570,f,1,290,333,2013-12-08 21:50:52
111277,156568,f,1,290,1794,2013-12-08 21:51:54
111278,28281,c,-1,2679,13,2013-12-08 21:53:40
111279,28283,c,1,2679,997,2013-12-08 21:53:49
111280,156564,f,1,333,290,2013-12-08 21:54:49
111281,156452,f,1,290,2361,2013-12-08 21:57:06
111282,153627,f,1,290,456,2013-12-08 21:57:19
111283,156575,f,1,333,2679,2013-12-08 21:57:23
111284,156572,f,-1,333,1889,2013-12-08 21:57:25
111285,151759,f,1,290,414,2013-12-08 21:57:39
111286,156507,f,-1,389,13,2013-12-08 22:06:14
111287,156536,f,1,389,2507,2013-12-08 22:06:42
111288,156537,f,1,389,657,2013-12-08 22:06:48
111289,156545,f,-1,389,99,2013-12-08 22:07:27
111290,156572,f,-1,1353,1889,2013-12-08 22:12:29
111291,156575,f,1,1353,2679,2013-12-08 22:12:34
111292,156572,f,-1,2582,1889,2013-12-08 22:13:47
111293,155956,f,1,2679,333,2013-12-08 22:15:28
111294,156575,f,1,2544,2679,2013-12-08 22:16:15
111295,156572,f,-1,2544,1889,2013-12-08 22:16:17
111296,14329,g,1,2582,2719,2013-12-08 22:23:11
111297,156111,f,1,1206,779,2013-12-08 22:23:37
111298,155977,f,1,2566,2370,2013-12-08 22:23:45
111299,156558,f,1,2137,1002,2013-12-08 22:23:51
111300,156557,f,-1,2137,657,2013-12-08 22:23:56
111301,156239,f,1,2566,16,2013-12-08 22:25:00
111302,156575,f,1,1002,2679,2013-12-08 22:25:18
111303,156532,f,-1,1993,184,2013-12-08 22:35:49
111304,156507,f,-1,1064,13,2013-12-08 22:35:52
111305,156446,f,1,2505,2573,2013-12-08 22:41:31
111306,156374,f,1,290,1002,2013-12-08 22:51:20
111307,156406,f,1,290,2488,2013-12-08 22:51:25
111308,156579,f,1,290,965,2013-12-08 22:51:30
111309,156572,f,1,779,1889,2013-12-08 22:52:56
111310,156579,f,1,682,965,2013-12-08 22:57:58
111311,156509,f,1,682,674,2013-12-08 22:59:52
111312,156572,f,1,484,1889,2013-12-08 23:00:20
111314,156579,f,1,1993,965,2013-12-08 23:01:07
111315,156578,f,1,2720,2507,2013-12-08 23:10:15
111316,156567,f,1,2720,2685,2013-12-08 23:10:49
111317,156509,f,1,2573,674,2013-12-08 23:12:24
111318,156561,f,1,2720,290,2013-12-08 23:28:29
111319,156585,f,1,2720,2679,2013-12-08 23:29:43
111320,156586,f,-1,2679,682,2013-12-08 23:33:07
111321,156586,f,1,2049,682,2013-12-08 23:33:16
111322,156587,f,-1,655,2679,2013-12-08 23:33:44
111323,156507,f,-1,2049,13,2013-12-08 23:34:23
111324,156586,f,1,1,682,2013-12-08 23:34:28
111325,156585,f,1,290,2679,2013-12-08 23:34:30
111326,156587,f,1,1,2679,2013-12-08 23:34:37
111327,156567,f,1,2573,2685,2013-12-08 23:37:07
111328,156586,f,1,1914,682,2013-12-08 23:37:36
111329,156584,f,1,965,2679,2013-12-08 23:39:25
111330,156507,f,1,1311,13,2013-12-08 23:40:20
111331,156507,f,1,1,13,2013-12-08 23:42:57
111332,156574,f,1,2573,2679,2013-12-08 23:43:12
111333,156586,f,1,366,682,2013-12-08 23:43:54
111334,156346,f,-1,1311,2679,2013-12-08 23:43:57
111335,156578,f,1,2573,2507,2013-12-08 23:44:09
111336,156586,f,1,1002,682,2013-12-08 23:45:48
111337,156592,f,1,290,1914,2013-12-08 23:46:47
111338,156592,f,1,2414,1914,2013-12-08 23:52:30
111339,156586,f,1,2414,682,2013-12-08 23:52:39
111340,156586,f,1,779,682,2013-12-08 23:54:02
111341,156592,f,1,779,1914,2013-12-08 23:54:44
111342,156588,f,1,779,2573,2013-12-08 23:55:35
111343,156586,f,1,2477,682,2013-12-08 23:58:35
111344,156536,f,1,2505,2507,2013-12-09 00:00:00
111345,156397,f,1,333,16,2013-12-09 00:02:28
111346,156547,f,1,779,2681,2013-12-09 00:02:30
111347,156537,f,1,2573,657,2013-12-09 00:05:33
111348,156564,f,1,2505,290,2013-12-09 00:05:41
111349,156578,f,1,2679,2507,2013-12-09 00:06:08
111350,156586,f,1,655,682,2013-12-09 00:06:58
111351,14333,g,-1,2679,2361,2013-12-09 00:08:42
111352,156594,f,1,2679,1498,2013-12-09 00:09:55
111353,156588,f,1,2505,2573,2013-12-09 00:11:08
111354,156593,f,1,2477,99,2013-12-09 00:12:02
111355,14333,g,1,1900,2361,2013-12-09 00:12:19
111357,156590,f,-1,1064,2679,2013-12-09 00:14:38
111358,156586,f,1,2500,682,2013-12-09 00:16:41
111359,14333,g,-1,2426,2361,2013-12-09 00:16:58
111360,156525,f,1,2573,2720,2013-12-09 00:17:02
111362,156592,f,1,1470,1914,2013-12-09 00:17:58
111363,156596,f,1,1914,2500,2013-12-09 00:19:01
111364,156586,f,-1,1470,682,2013-12-09 00:23:49
111365,14333,g,1,1353,2361,2013-12-09 00:26:21
111366,14333,g,-1,748,2361,2013-12-09 00:29:11
111367,156597,f,1,2148,2679,2013-12-09 00:31:47
111368,156525,f,1,1353,2720,2013-12-09 00:32:59
111369,156586,f,-1,2681,682,2013-12-09 00:43:49
111370,156525,f,1,2361,2720,2013-12-09 00:46:42
111371,156598,f,1,2544,2505,2013-12-09 00:48:21
111372,156598,f,1,2361,2505,2013-12-09 00:49:10
111373,156567,f,1,1753,2685,2013-12-09 00:49:28
111375,14333,g,1,1753,2361,2013-12-09 00:54:05
111376,156586,f,1,884,682,2013-12-09 00:58:00
111377,156590,f,-1,884,2679,2013-12-09 00:58:13
111378,156589,f,1,884,682,2013-12-09 00:58:15
111379,156344,f,1,1353,2477,2013-12-09 00:58:28
111380,156452,f,1,1311,2361,2013-12-09 00:59:15
111381,156348,f,1,1487,2679,2013-12-09 01:08:17
111382,156586,f,1,2507,682,2013-12-09 01:09:44
111383,28288,c,1,1353,1487,2013-12-09 01:11:38
111384,156586,f,1,2504,682,2013-12-09 01:20:09
111385,156589,f,1,2504,682,2013-12-09 01:20:16
111386,156590,f,-1,2504,2679,2013-12-09 01:20:20
111387,156592,f,1,2504,1914,2013-12-09 01:20:25
111388,156593,f,1,2504,99,2013-12-09 01:20:28
111389,14333,g,1,2504,2361,2013-12-09 01:22:17
111390,156525,f,1,2637,2720,2013-12-09 01:22:40
111391,28290,c,1,1487,2504,2013-12-09 01:29:38
111392,156395,f,1,1487,2475,2013-12-09 01:30:20
111393,156598,f,-1,1487,2505,2013-12-09 01:42:56
111394,156598,f,-1,2679,2505,2013-12-09 02:00:51
111395,28291,c,1,2361,1487,2013-12-09 02:09:05
111396,156567,f,1,2679,2685,2013-12-09 02:14:35
111397,156599,f,-1,657,1470,2013-12-09 02:17:10
111398,156599,f,1,2679,1470,2013-12-09 02:36:19
111399,156602,f,1,2679,657,2013-12-09 02:42:57
111400,28291,c,-1,2679,1487,2013-12-09 02:45:04
111401,28290,c,1,2679,2504,2013-12-09 02:45:07
111402,28288,c,-1,2679,1487,2013-12-09 02:45:08
111403,156423,f,1,2679,7,2013-12-09 02:47:17
111404,156604,f,1,2679,2544,2013-12-09 02:47:21
111405,156392,f,-1,2679,2685,2013-12-09 02:47:25
111406,156570,f,1,442,333,2013-12-09 02:57:49
111407,156586,f,-1,1560,682,2013-12-09 06:06:17
111408,156594,f,1,1560,1498,2013-12-09 06:07:47
111409,156592,f,1,2471,1914,2013-12-09 06:22:22
111410,156595,f,1,2471,1914,2013-12-09 06:22:25
111411,156586,f,-1,2471,682,2013-12-09 06:22:30
111412,156587,f,-1,389,2679,2013-12-09 06:32:30
111413,156599,f,-1,389,1470,2013-12-09 06:32:41
111414,156586,f,1,1889,682,2013-12-09 06:43:18
111415,156598,f,1,2471,2505,2013-12-09 06:44:00
111416,14333,g,-1,2471,2361,2013-12-09 06:45:40
111417,156607,f,1,2475,7,2013-12-09 08:36:08
111418,28291,c,-1,7,1487,2013-12-09 08:36:12
111419,28288,c,-1,7,1487,2013-12-09 08:36:19
111420,28288,c,1,2475,1487,2013-12-09 08:44:10
111421,28291,c,1,2475,1487,2013-12-09 08:44:20
111422,156607,f,1,290,7,2013-12-09 08:49:03
111423,156608,f,1,290,13,2013-12-09 08:50:31
111424,14333,g,1,290,2361,2013-12-09 08:52:49
111425,28286,c,1,290,1900,2013-12-09 08:52:53
111426,28287,c,1,290,965,2013-12-09 08:53:02
111427,28288,c,-1,290,1487,2013-12-09 08:53:03
111428,28290,c,1,290,2504,2013-12-09 08:53:13
111429,28291,c,-1,290,1487,2013-12-09 08:53:26
111430,156607,f,1,2679,7,2013-12-09 08:56:28
111431,156607,f,1,1,7,2013-12-09 09:05:52
111432,156595,f,1,484,1914,2013-12-09 09:12:15
111433,156607,f,1,484,7,2013-12-09 09:12:30
111434,28288,c,-1,484,1487,2013-12-09 09:14:26
111435,28291,c,-1,484,1487,2013-12-09 09:14:29
111436,156599,f,1,779,1470,2013-12-09 09:14:57
111437,156586,f,1,2582,682,2013-12-09 09:24:59
111438,156612,f,1,290,2679,2013-12-09 09:25:39
111439,156592,f,1,2582,1914,2013-12-09 09:25:44
111440,156597,f,1,2475,2679,2013-12-09 09:29:11
111441,156610,f,1,1560,13,2013-12-09 09:31:27
111442,156595,f,1,997,1914,2013-12-09 09:31:34
111443,156611,f,1,1560,333,2013-12-09 09:31:36
111444,156585,f,1,997,2679,2013-12-09 09:37:50
111445,156348,f,1,2475,2679,2013-12-09 10:06:44
111446,156616,f,1,2475,484,2013-12-09 10:17:46
111447,14333,g,1,2736,2361,2013-12-09 10:18:05
111448,384,t,1,1064,2505,2013-12-09 10:34:36
111449,383,t,1,1064,2505,2013-12-09 10:34:59
111450,380,t,1,1064,2505,2013-12-09 10:35:02
111451,156616,f,-1,2679,484,2013-12-09 10:45:59
111452,156618,f,1,2679,1794,2013-12-09 10:46:01
111453,28288,c,-1,2403,1487,2013-12-09 10:59:49
111454,28291,c,-1,2403,1487,2013-12-09 10:59:54
111456,14329,g,1,2403,2719,2013-12-09 11:01:53
111457,156615,f,1,2475,1,2013-12-09 11:08:27
111458,28291,c,-1,762,1487,2013-12-09 11:09:14
111459,385,t,1,1,1648,2013-12-09 11:22:11
111460,28279,c,1,290,2719,2013-12-09 11:25:06
111461,156568,f,1,2475,1794,2013-12-09 11:26:46
111462,156578,f,1,2475,2507,2013-12-09 11:26:56
111463,156586,f,1,2488,682,2013-12-09 11:47:19
111464,156589,f,1,2488,682,2013-12-09 11:47:54
111465,156592,f,1,2488,1914,2013-12-09 11:48:02
111466,156593,f,1,2488,99,2013-12-09 11:48:09
111467,156595,f,1,2488,1914,2013-12-09 11:48:20
111468,156596,f,1,2488,2500,2013-12-09 11:48:34
111469,156622,f,1,2488,1487,2013-12-09 12:06:15
111470,156622,f,-1,2679,1487,2013-12-09 12:09:29
111471,156586,f,1,1993,682,2013-12-09 12:17:08
111472,156590,f,-1,1993,2679,2013-12-09 12:17:49
111473,156592,f,1,1993,1914,2013-12-09 12:17:57
111474,156595,f,1,1993,1914,2013-12-09 12:18:43
111475,156593,f,1,1993,99,2013-12-09 12:18:45
111476,156596,f,1,1993,2500,2013-12-09 12:18:50
111477,28287,c,1,2488,965,2013-12-09 12:22:35
111479,28290,c,1,2488,2504,2013-12-09 12:22:44
111480,28291,c,-1,2488,1487,2013-12-09 12:22:46
111481,27602,c,1,2488,2426,2013-12-09 12:22:55
111482,27605,c,1,2488,2361,2013-12-09 12:23:01
111483,26466,c,1,2488,965,2013-12-09 12:23:23
111484,26467,c,1,2488,1002,2013-12-09 12:23:28
111485,156608,f,1,1993,13,2013-12-09 12:25:36
111487,156607,f,1,1353,7,2013-12-09 12:28:59
111488,156615,f,1,2361,1,2013-12-09 12:30:39
111489,156525,f,1,2488,2720,2013-12-09 12:32:10
111490,156586,f,1,2751,682,2013-12-09 12:33:54
111491,156507,f,1,70,13,2013-12-09 12:34:55
111492,156452,f,1,2488,2361,2013-12-09 12:36:07
111493,156586,f,-1,70,682,2013-12-09 12:36:24
111494,156477,f,1,2488,290,2013-12-09 12:37:04
111495,14333,g,1,2488,2361,2013-12-09 12:38:05
111496,156624,f,1,2679,1395,2013-12-09 12:44:45
111497,156572,f,-1,2285,1889,2013-12-09 12:45:20
111498,156575,f,1,2488,2679,2013-12-09 12:49:35
111499,156572,f,-1,2488,1889,2013-12-09 12:49:42
111500,156623,f,1,1487,2488,2013-12-09 12:55:56
111501,156611,f,1,442,333,2013-12-09 13:22:53
111502,156620,f,1,290,2403,2013-12-09 13:39:41
111503,156509,f,1,1497,674,2013-12-09 13:45:32
111504,156586,f,1,1358,682,2013-12-09 13:56:14
111505,156423,f,1,2544,7,2013-12-09 13:58:04
111506,156477,f,1,11,290,2013-12-09 14:03:23
111507,156453,f,1,11,674,2013-12-09 14:07:35
111508,156467,f,1,11,389,2013-12-09 14:08:28
111509,156608,f,1,2544,13,2013-12-09 14:09:10
111510,156594,f,1,2544,1498,2013-12-09 14:09:38
111511,156607,f,1,2544,7,2013-12-09 14:13:44
111512,156611,f,1,2544,333,2013-12-09 14:14:17
111513,156615,f,1,2544,1,2013-12-09 14:14:40
111514,156607,f,1,2681,7,2013-12-09 14:14:55
111516,156586,f,1,2659,682,2013-12-09 14:40:44
111517,156619,f,1,2475,2679,2013-12-09 14:57:40
111518,14333,g,1,1914,2361,2013-12-09 15:15:26
111519,156629,f,1,1353,1395,2013-12-09 15:20:23
111520,156509,f,1,1979,674,2013-12-09 15:32:49
111521,156511,f,1,1979,2681,2013-12-09 15:33:20
111522,156515,f,1,1979,1470,2013-12-09 15:33:44
111523,156516,f,1,1979,7,2013-12-09 15:33:55
111524,156517,f,1,1979,57,2013-12-09 15:34:01
111525,156522,f,1,1979,1914,2013-12-09 15:34:18
111526,156532,f,-1,1979,184,2013-12-09 15:35:04
111527,156534,f,1,1979,57,2013-12-09 15:35:12
111528,156537,f,1,1979,657,2013-12-09 15:35:31
111529,156557,f,1,1979,657,2013-12-09 15:37:59
111530,156558,f,1,1979,1002,2013-12-09 15:38:01
111531,156517,f,1,425,57,2013-12-09 15:38:15
111532,156522,f,1,425,1914,2013-12-09 15:38:30
111533,156564,f,1,1979,290,2013-12-09 15:39:25
111534,156572,f,-1,425,1889,2013-12-09 15:40:10
111535,156572,f,-1,1979,1889,2013-12-09 15:40:20
111536,156575,f,1,1979,2679,2013-12-09 15:40:27
111537,156594,f,1,1979,1498,2013-12-09 15:41:23
111538,156608,f,1,1979,13,2013-12-09 15:42:44
111539,156629,f,1,1979,1395,2013-12-09 15:43:53
111540,156598,f,1,425,2505,2013-12-09 15:44:01
111541,156592,f,1,1979,1914,2013-12-09 15:45:22
111542,156593,f,1,1979,99,2013-12-09 15:45:29
111543,156595,f,1,1979,1914,2013-12-09 15:45:42
111544,156607,f,1,1979,7,2013-12-09 15:46:21
111545,156609,f,1,1979,2475,2013-12-09 15:46:51
111546,156482,f,1,425,1311,2013-12-09 15:50:42
111547,152088,f,1,1979,13,2013-12-09 15:50:46
111548,156607,f,1,2471,7,2013-12-09 15:51:31
111549,155422,f,1,1979,2387,2013-12-09 15:51:51
111550,156611,f,1,2471,333,2013-12-09 15:52:12
111551,156610,f,1,2471,13,2013-12-09 15:52:13
111552,156488,f,1,425,1002,2013-12-09 15:52:20
111553,156497,f,1,425,1002,2013-12-09 15:53:31
111554,156500,f,1,425,779,2013-12-09 15:54:04
111555,156551,f,1,425,49,2013-12-09 15:54:52
111556,156636,f,1,425,1311,2013-12-09 15:55:27
111557,156636,f,1,2471,1311,2013-12-09 15:58:38
111558,156618,f,1,2370,1794,2013-12-09 15:59:41
111559,156636,f,1,1993,1311,2013-12-09 16:01:17
111560,156636,f,1,2544,1311,2013-12-09 16:02:07
111561,156572,f,1,1206,1889,2013-12-09 16:19:14
111562,28286,c,-1,1487,1900,2013-12-09 16:20:39
111563,28287,c,-1,1487,965,2013-12-09 16:20:41
111564,156636,f,1,2507,1311,2013-12-09 16:27:14
111565,156598,f,1,2659,2505,2013-12-09 16:28:52
111566,156639,f,1,1353,1487,2013-12-09 16:33:12
111567,156346,f,-1,1353,2679,2013-12-09 16:33:39
111568,156637,f,-1,657,682,2013-12-09 16:34:56
111569,150954,f,1,2370,2544,2013-12-09 16:39:59
111571,156637,f,-1,484,682,2013-12-09 16:42:39
111572,156636,f,1,484,1311,2013-12-09 16:43:27
111573,156598,f,1,2573,2505,2013-12-09 16:47:01
111574,14327,g,1,762,1,2013-12-09 16:48:24
111575,156600,f,1,2720,1353,2013-12-09 16:51:14
111576,156637,f,-1,1501,682,2013-12-09 16:51:22
111577,156555,f,1,414,2077,2013-12-09 16:52:06
111578,156637,f,-1,2471,682,2013-12-09 17:00:57
111579,156110,f,1,414,1083,2013-12-09 17:03:45
111580,156637,f,1,99,682,2013-12-09 17:11:13
111581,156636,f,1,655,1311,2013-12-09 17:12:32
111582,156607,f,1,2637,7,2013-12-09 17:16:03
111583,156643,f,1,290,1470,2013-12-09 17:18:21
111584,156643,f,1,1353,1470,2013-12-09 17:20:35
111585,156642,f,1,1358,657,2013-12-09 17:22:28
111587,156642,f,1,2504,657,2013-12-09 17:28:36
111588,14329,g,1,2059,2719,2013-12-09 17:35:19
111589,156435,f,-1,1,657,2013-12-09 17:40:13
111590,156644,f,1,2771,2659,2013-12-09 17:40:18
111591,156449,f,-1,1,657,2013-12-09 17:41:15
111592,156452,f,1,2504,2361,2013-12-09 17:42:00
111593,156616,f,1,2771,484,2013-12-09 17:43:19
111594,156642,f,1,484,657,2013-12-09 17:44:00
111596,14329,g,1,2773,2719,2013-12-09 17:46:55
111597,28275,c,1,2773,2137,2013-12-09 17:47:00
111598,156646,f,1,655,13,2013-12-09 17:56:32
111599,156641,f,-1,655,290,2013-12-09 17:56:58
111600,156648,f,1,290,1,2013-12-09 18:02:46
111601,156592,f,1,11,1914,2013-12-09 18:14:46
111602,156596,f,1,11,2500,2013-12-09 18:15:09
111603,28288,c,-1,657,1487,2013-12-09 18:22:48
111604,28291,c,-1,657,1487,2013-12-09 18:23:00
111605,156636,f,1,2488,1311,2013-12-09 18:23:17
111606,156638,f,1,779,425,2013-12-09 18:53:05
111607,156641,f,-1,1311,290,2013-12-09 18:54:56
111608,156640,f,1,2544,2500,2013-12-09 19:05:55
111609,14322,g,1,2765,1794,2013-12-09 19:15:47
111610,156653,f,-1,682,2477,2013-12-09 19:17:02
111611,156643,f,-1,682,1470,2013-12-09 19:17:39
111612,28293,c,1,2438,2488,2013-12-09 19:21:04
111613,156335,f,1,414,682,2013-12-09 19:25:42
111614,156629,f,1,2488,1395,2013-12-09 19:33:15
111615,156636,f,-1,674,1311,2013-12-09 19:33:26
111616,156638,f,1,2488,425,2013-12-09 19:33:47
111617,28291,c,-1,965,1487,2013-12-09 19:36:03
111618,28293,c,1,2361,2488,2013-12-09 19:42:36
111619,156564,f,1,965,290,2013-12-09 19:46:50
111620,156475,f,1,414,456,2013-12-09 19:47:55
111621,156653,f,1,290,2477,2013-12-09 20:41:11
111622,156644,f,1,290,2659,2013-12-09 20:43:01
111623,14333,g,1,2693,2361,2013-12-09 20:56:55
111624,156664,f,1,456,389,2013-12-09 21:07:03
111625,156664,f,1,2414,389,2013-12-09 21:08:20
111626,28293,c,1,1002,2488,2013-12-09 21:10:45
111627,156663,f,1,2414,965,2013-12-09 21:13:58
111628,156660,f,1,2414,38,2013-12-09 21:14:39
111629,156663,f,1,997,965,2013-12-09 21:18:03
111630,156664,f,1,965,389,2013-12-09 21:23:48
111631,28291,c,-1,99,1487,2013-12-09 21:24:29
111632,28288,c,-1,99,1487,2013-12-09 21:25:02
111633,156616,f,1,2414,484,2013-12-09 21:29:26
111634,156655,f,1,2414,2361,2013-12-09 21:29:47
111635,156618,f,1,2414,1794,2013-12-09 21:29:57
111636,156644,f,1,1353,2659,2013-12-09 21:33:39
111637,156672,f,1,1353,2414,2013-12-09 21:34:31
111638,156644,f,1,1487,2659,2013-12-09 21:39:22
111639,156672,f,1,1487,2414,2013-12-09 21:39:32
111640,156664,f,1,414,389,2013-12-09 21:41:01
111641,156673,f,1,1353,1487,2013-12-09 21:50:31
111642,156658,f,1,2609,13,2013-12-09 22:06:49
111643,156638,f,1,2505,425,2013-12-09 22:08:16
111644,156663,f,1,2438,965,2013-12-09 22:10:12
111645,156660,f,1,2438,38,2013-12-09 22:10:17
111646,156662,f,1,689,99,2013-12-09 22:15:33
111647,156649,f,-1,689,884,2013-12-09 22:15:46
111648,156608,f,-1,1206,13,2013-12-09 22:23:47
111649,156588,f,1,2773,2573,2013-12-09 22:24:26
111650,156629,f,1,2773,1395,2013-12-09 22:24:36
111651,150122,f,-1,2711,1036,2013-12-09 22:26:25
111652,156609,f,1,1002,2475,2013-12-09 22:31:25
111653,156663,f,1,1498,965,2013-12-09 22:42:06
111655,156664,f,1,655,389,2013-12-09 22:50:30
111656,156649,f,-1,2132,884,2013-12-09 22:51:27
111657,156688,f,1,884,1002,2013-12-09 22:56:15
111658,156686,f,1,484,1002,2013-12-09 23:02:32
111659,156644,f,1,2370,2659,2013-12-09 23:03:15
111660,156664,f,1,484,389,2013-12-09 23:04:25
111661,156662,f,1,484,99,2013-12-09 23:04:32
111662,156649,f,-1,484,884,2013-12-09 23:04:36
111663,14333,g,1,484,2361,2013-12-09 23:04:55
111664,156695,f,1,38,1002,2013-12-09 23:06:28
111665,156695,f,1,884,1002,2013-12-09 23:06:44
111666,147612,f,1,1487,1036,2013-12-09 23:13:43
111667,156664,f,1,1083,389,2013-12-09 23:15:13
111668,156662,f,-1,884,99,2013-12-09 23:28:11
111669,156699,f,1,2573,13,2013-12-09 23:31:44
111670,28294,c,1,2637,99,2013-12-09 23:41:16
111671,156677,f,1,2573,2505,2013-12-09 23:42:21
111672,156703,f,1,2361,1002,2013-12-09 23:51:03
111673,150122,f,1,2573,1036,2013-12-09 23:57:04
111674,156664,f,1,2573,389,2013-12-09 23:57:15
111675,156575,f,1,2403,2679,2013-12-10 00:08:22
111676,156699,f,1,2505,13,2013-12-10 00:08:33
111677,156695,f,1,2414,1002,2013-12-10 00:08:47
111678,152683,f,1,2771,518,2013-12-10 00:15:47
111679,146362,f,1,2771,1794,2013-12-10 00:46:15
111680,156641,f,1,333,290,2013-12-10 01:00:07
111681,137240,f,1,2771,1395,2013-12-10 01:04:04
111682,137241,f,1,2771,290,2013-12-10 01:04:20
111683,156672,f,1,2573,2414,2013-12-10 01:33:08
111684,156616,f,1,2573,484,2013-12-10 01:33:21
111685,156655,f,1,2573,2361,2013-12-10 01:42:47
111686,156641,f,1,2679,290,2013-12-10 01:45:10
111687,156644,f,-1,2679,2659,2013-12-10 01:59:34
111688,156655,f,-1,2679,2361,2013-12-10 01:59:37
111689,156672,f,1,2679,2414,2013-12-10 01:59:39
111690,156673,f,-1,2679,1487,2013-12-10 01:59:41
111691,156707,f,-1,2679,2370,2013-12-10 01:59:44
111692,156621,f,1,2679,2475,2013-12-10 02:07:38
111693,156555,f,1,1206,2077,2013-12-10 02:42:21
111694,156614,f,1,1206,49,2013-12-10 02:50:45
111695,156711,f,1,1206,2403,2013-12-10 02:54:45
111696,156496,f,1,1353,16,2013-12-10 02:59:02
